epoch,accuracy,aupr,brier_score,csi05,csi10,csi15,csi20,csi25,csi30,csi35,csi40,csi45,csi50,csi55,csi60,csi65,csi70,csi75,csi80,csi85,csi90,csi95,far05,far10,far15,far20,far25,far30,far35,far40,far45,far50,far55,far60,far65,far70,far75,far80,far85,far90,far95,loss,lr,pod05,pod10,pod15,pod20,pod25,pod30,pod35,pod40,pod45,pod50,pod55,pod60,pod65,pod70,pod75,pod80,pod85,pod90,pod95,val_accuracy,val_aupr,val_brier_score,val_csi05,val_csi10,val_csi15,val_csi20,val_csi25,val_csi30,val_csi35,val_csi40,val_csi45,val_csi50,val_csi55,val_csi60,val_csi65,val_csi70,val_csi75,val_csi80,val_csi85,val_csi90,val_csi95,val_far05,val_far10,val_far15,val_far20,val_far25,val_far30,val_far35,val_far40,val_far45,val_far50,val_far55,val_far60,val_far65,val_far70,val_far75,val_far80,val_far85,val_far90,val_far95,val_loss,val_pod05,val_pod10,val_pod15,val_pod20,val_pod25,val_pod30,val_pod35,val_pod40,val_pod45,val_pod50,val_pod55,val_pod60,val_pod65,val_pod70,val_pod75,val_pod80,val_pod85,val_pod90,val_pod95
0,0.9631824493408203,0.7828899025917053,0.026583658531308174,0.3556632995605469,0.4219638705253601,0.4641590416431427,0.4924491345882416,0.5099465250968933,0.5193800330162048,0.521462082862854,0.517040491104126,0.5070042014122009,0.49179187417030334,0.471100777387619,0.4461401402950287,0.41674235463142395,0.3832440674304962,0.34563201665878296,0.30238640308380127,0.2532733678817749,0.19770964980125427,0.13085687160491943,0.6382949352264404,0.560251772403717,0.5014466643333435,0.45178863406181335,0.40905967354774475,0.36958539485931396,0.33267202973365784,0.29921749234199524,0.2678880989551544,0.23850023746490479,0.2099398523569107,0.18303774297237396,0.15740807354450226,0.1328071653842926,0.10918628424406052,0.08608528971672058,0.06362404674291611,0.04234263673424721,0.02216961234807968,0.08763131499290466,1e-05,0.9523045420646667,0.9094676971435547,0.8677812218666077,0.8265225887298584,0.7864601016044617,0.7456068396568298,0.7039589285850525,0.6631262898445129,0.622453510761261,0.5815252065658569,0.5387865900993347,0.4960741400718689,0.4523014426231384,0.4074915051460266,0.36120933294296265,0.31144312024116516,0.2578248977661133,0.1995134949684143,0.1312604397535324,0.9667590856552124,0.7107498049736023,0.024116167798638344,0.29969143867492676,0.3598019778728485,0.39893633127212524,0.4258217215538025,0.4431491494178772,0.45347192883491516,0.45725223422050476,0.45502859354019165,0.4478287696838379,0.43592414259910583,0.41912803053855896,0.39823827147483826,0.3729252517223358,0.34334516525268555,0.3093983829021454,0.2697634696960449,0.22386981546878815,0.17146944999694824,0.10876154154539108,0.6941026449203491,0.6227647066116333,0.5679118633270264,0.5210253596305847,0.48015090823173523,0.4417060315608978,0.40546369552612305,0.3721567392349243,0.3402268886566162,0.3097158372402191,0.27911487221717834,0.25017082691192627,0.2200092375278473,0.1914513111114502,0.1630822867155075,0.13308370113372803,0.10293171554803848,0.07166630029678345,0.039194270968437195,0.08019498735666275,0.9378929138183594,0.8890805244445801,0.8428575396537781,0.7983111143112183,0.7560135126113892,0.713518500328064,0.6708363890647888,0.6294094324111938,0.5884940028190613,0.5476019978523254,0.5053101181983948,0.46340668201446533,0.42049872875213623,0.37665826082229614,0.3314177989959717,0.28294745087623596,0.23068226873874664,0.1742020845413208,0.10936683416366577
1,0.9632052183151245,0.7831356525421143,0.026566125452518463,0.35626688599586487,0.42263710498809814,0.464807391166687,0.49300169944763184,0.510405957698822,0.5197486877441406,0.521771252155304,0.5172818899154663,0.5072038769721985,0.49198228120803833,0.4712887704372406,0.44629645347595215,0.4168836176395416,0.3834019899368286,0.3458015024662018,0.3026128113269806,0.253490149974823,0.1979246735572815,0.13096919655799866,0.637677788734436,0.559550404548645,0.5007266402244568,0.45094507932662964,0.40832677483558655,0.36902672052383423,0.3321298062801361,0.2987397313117981,0.2674812972545624,0.23828236758708954,0.20978058874607086,0.18322813510894775,0.1574704498052597,0.13296617567539215,0.10923682153224945,0.08613941818475723,0.06340210139751434,0.0422542504966259,0.022159317508339882,0.08756641298532486,1e-05,0.9523206353187561,0.9095271229743958,0.8678489923477173,0.826626718044281,0.7865766286849976,0.7457836866378784,0.7041742205619812,0.6633281707763672,0.6226481795310974,0.5817301869392395,0.5389938950538635,0.4962528347969055,0.4524381756782532,0.40762627124786377,0.36135974526405334,0.3116546869277954,0.25803282856941223,0.19972774386405945,0.13137279450893402,0.9666385650634766,0.7108579874038696,0.024192726239562035,0.29687556624412537,0.3568063974380493,0.3961776793003082,0.42356327176094055,0.4415234327316284,0.4526600241661072,0.45732399821281433,0.45598554611206055,0.4496561884880066,0.4386498034000397,0.4226732552051544,0.4025173783302307,0.37779220938682556,0.3487362861633301,0.31505894660949707,0.27548110485076904,0.2294333130121231,0.1764567792415619,0.11257164925336838,0.6972450017929077,0.6266259551048279,0.5722362995147705,0.5256853699684143,0.48506513237953186,0.44678518176078796,0.41063329577445984,0.3773939907550812,0.3455244302749634,0.3149583637714386,0.28419551253318787,0.2551933526992798,0.22482118010520935,0.19594180583953857,0.1674584299325943,0.13687579333782196,0.10627187788486481,0.07454441487789154,0.041317109018564224,0.08040996640920639,0.939933717250824,0.8923633098602295,0.8471711277961731,0.8034788370132446,0.7618402242660522,0.7199681997299194,0.6777653694152832,0.6366649866104126,0.59602952003479,0.5553786158561707,0.5131810903549194,0.47128811478614807,0.42824384570121765,0.38426095247268677,0.3386910557746887,0.2897273898124695,0.23687008023262024,0.17948085069656372,0.11325401067733765
2,0.9632388353347778,0.7835403084754944,0.026539886370301247,0.3563457727432251,0.4227036237716675,0.46491536498069763,0.4932119846343994,0.5106829404830933,0.5201326608657837,0.5222805738449097,0.5178816914558411,0.507850170135498,0.4926694631576538,0.47200506925582886,0.44702407717704773,0.4175850749015808,0.38406112790107727,0.3464146554470062,0.3032208979129791,0.25415509939193726,0.19856786727905273,0.131454199552536,0.637588620185852,0.5594347715377808,0.5005926489830017,0.45093274116516113,0.4083215296268463,0.3689876198768616,0.3321217894554138,0.2987193167209625,0.26744431257247925,0.23821789026260376,0.20975352823734283,0.18312878906726837,0.15739600360393524,0.13297149538993835,0.10949712991714478,0.0859772264957428,0.06305259466171265,0.04197018966078758,0.02192363515496254,0.08747730404138565,1e-05,0.9524718523025513,0.9096521735191345,0.86820387840271,0.827114462852478,0.7871849536895752,0.746522068977356,0.7050102353096008,0.6642181873321533,0.623546838760376,0.582645833492279,0.5398957133293152,0.4971155524253845,0.45325154066085815,0.40837499499320984,0.36203932762145996,0.312313437461853,0.2587290108203888,0.20038236677646637,0.13185961544513702,0.9666882753372192,0.7110544443130493,0.02415984869003296,0.29793107509613037,0.357875794172287,0.3971599042415619,0.4243984520435333,0.44219204783439636,0.45312437415122986,0.4575648009777069,0.4560238718986511,0.4494863748550415,0.4382917881011963,0.4221247136592865,0.40182507038116455,0.3769697844982147,0.3478339612483978,0.31412237882614136,0.2745606005191803,0.2285228818655014,0.1756431609392166,0.11193098872900009,0.6960898041725159,0.6253049373626709,0.5708162784576416,0.5242100954055786,0.48355793952941895,0.4452698230743408,0.40912675857543945,0.37587985396385193,0.34405121207237244,0.313532292842865,0.28286799788475037,0.2539055049419403,0.2235974818468094,0.19480018317699432,0.16651073098182678,0.137198805809021,0.10561112314462662,0.07395890355110168,0.04100620746612549,0.08031371235847473,0.9394093155860901,0.891535222530365,0.8461192846298218,0.8022645115852356,0.7605384588241577,0.7185660004615784,0.6762732863426208,0.6351357102394104,0.594473659992218,0.5538272857666016,0.5116420388221741,0.4697788655757904,0.42677512764930725,0.38286828994750977,0.3374136984348297,0.28859013319015503,0.23583805561065674,0.17861418426036835,0.11259984225034714
3,0.9629504084587097,0.780537486076355,0.026728400960564613,0.355247437953949,0.42154642939567566,0.46373677253723145,0.4917983114719391,0.509084939956665,0.5183847546577454,0.5203881859779358,0.5158615708351135,0.505730926990509,0.4904673993587494,0.46975407004356384,0.44472113251686096,0.41512131690979004,0.38144439458847046,0.3435933291912079,0.3000796437263489,0.2505577504634857,0.1944262534379959,0.1269267052412033,0.6383078694343567,0.5602387189865112,0.5013211369514465,0.4518328905105591,0.40919992327690125,0.36982661485671997,0.33307501673698425,0.299755722284317,0.26876384019851685,0.23972052335739136,0.21102982759475708,0.18389436602592468,0.157983660697937,0.1335693895816803,0.11026694625616074,0.08720763772726059,0.06459416449069977,0.04309092089533806,0.0226448904722929,0.08803250640630722,1e-06,0.9525454640388489,0.9100838899612427,0.8684009313583374,0.8271662592887878,0.7869805097579956,0.7460229992866516,0.7042627334594727,0.6632660031318665,0.6223739981651306,0.581258237361908,0.5382890105247498,0.4952790439128876,0.4510744512081146,0.40593618154525757,0.3593249022960663,0.30921411514282227,0.2551228702068329,0.19620564579963684,0.12731046974658966,0.967185914516449,0.7140612602233887,0.023838939145207405,0.3047828674316406,0.3652978539466858,0.40428626537323,0.43075963854789734,0.4474541246891022,0.4569096863269806,0.45954108238220215,0.45609426498413086,0.4475536048412323,0.434324711561203,0.41620075702667236,0.3940398097038269,0.36756059527397156,0.33706334233283997,0.302499920129776,0.26280534267425537,0.21739734709262848,0.16627992689609528,0.10570572316646576,0.6886560320854187,0.616277277469635,0.5607346892356873,0.5131558179855347,0.4715622067451477,0.43248334527015686,0.39566004276275635,0.36182108521461487,0.32959499955177307,0.29874417185783386,0.26824814081192017,0.23807911574840546,0.20926564931869507,0.1812809407711029,0.15388117730617523,0.12463060021400452,0.09594447910785675,0.06568282097578049,0.03629939258098602,0.07937517762184143,0.9355966448783875,0.885472297668457,0.8382890820503235,0.7927590608596802,0.7493639588356018,0.706046998500824,0.6625238060951233,0.6203425526618958,0.5788847208023071,0.5376567840576172,0.49521636962890625,0.4531303644180298,0.4102121591567993,0.36658692359924316,0.3217920958995819,0.27424395084381104,0.22325462102890015,0.16863037645816803,0.10623226314783096
4,0.9629917144775391,0.7809614539146423,0.026700882241129875,0.35556626319885254,0.42172151803970337,0.46376731991767883,0.49180713295936584,0.5091574788093567,0.518535852432251,0.5205985903739929,0.5161297917366028,0.5060592293739319,0.4908939003944397,0.4702484905719757,0.4452568590641022,0.4157077670097351,0.38207823038101196,0.3442894518375397,0.30088359117507935,0.251541405916214,0.19563892483711243,0.12818998098373413,0.6381728649139404,0.5602555871009827,0.501591682434082,0.45226967334747314,0.40978899598121643,0.37054988741874695,0.3338615298271179,0.30059918761253357,0.2697007954120636,0.24022525548934937,0.21188050508499146,0.18513832986354828,0.1595001518726349,0.13499455153942108,0.1109478771686554,0.0877327024936676,0.06519442051649094,0.04365377500653267,0.023016570135951042,0.08794385939836502,1e-06,0.9524145722389221,0.9101306200027466,0.8688079118728638,0.82773756980896,0.7876741290092468,0.7468413710594177,0.7050878405570984,0.6640615463256836,0.6231791973114014,0.5820943117141724,0.5391428470611572,0.4961128532886505,0.4518894553184509,0.4067361056804657,0.3601323366165161,0.31009429693222046,0.25615477561950684,0.19744612276554108,0.12858295440673828,0.9672228693962097,0.7143558263778687,0.023813985288143158,0.3054760694503784,0.3660147190093994,0.4049206078052521,0.4313541352748871,0.4479812681674957,0.45727914571762085,0.4598104655742645,0.45620423555374146,0.4475211799144745,0.4341494143009186,0.41586193442344666,0.3935888707637787,0.36700722575187683,0.3364163339138031,0.30185559391975403,0.26212412118911743,0.21678867936134338,0.1658238023519516,0.10551556199789047,0.6879118084907532,0.6154333353042603,0.5598986744880676,0.5122399926185608,0.4705713093280792,0.4315038323402405,0.39460480213165283,0.36077171564102173,0.3285621404647827,0.29772523045539856,0.26731064915657043,0.23833784461021423,0.20833492279052734,0.18029385805130005,0.1532139778137207,0.12384951859712601,0.09530811011791229,0.06517914682626724,0.036129921674728394,0.07929437607526779,0.9353063106536865,0.885042667388916,0.8377857208251953,0.7921788096427917,0.7486886382102966,0.7052409648895264,0.6616979837417603,0.6194576621055603,0.5779447555541992,0.5366983413696289,0.4942161440849304,0.45212918519973755,0.4092221260070801,0.3656034767627716,0.32091224193573,0.27340829372406006,0.22256334125995636,0.16814301908016205,0.106037437915802
5,0.9630045890808105,0.7810863256454468,0.026692615821957588,0.35553717613220215,0.42172011733055115,0.4637092649936676,0.4918053448200226,0.5091926455497742,0.5185558795928955,0.5206007957458496,0.5161247253417969,0.5060399770736694,0.4908967614173889,0.4702497124671936,0.44527024030685425,0.4157382547855377,0.38206934928894043,0.3442375361919403,0.300833135843277,0.2515272796154022,0.1956903040409088,0.12837395071983337,0.6382139325141907,0.5602740049362183,0.5016812086105347,0.45226550102233887,0.40966761112213135,0.3703516721725464,0.33358749747276306,0.3002205193042755,0.26900383830070496,0.23977017402648926,0.21121837198734283,0.18452036380767822,0.158758744597435,0.13419003784656525,0.11038503795862198,0.0871630311012268,0.06441523134708405,0.04302098974585533,0.022769398987293243,0.0879180058836937,1e-06,0.9528007507324219,0.9102001786231995,0.8686649799346924,0.8274645805358887,0.7873172163963318,0.7464098334312439,0.7046218514442444,0.6635919809341431,0.6227360367774963,0.5817167162895203,0.53883296251297,0.49588263034820557,0.45173513889312744,0.40659037232398987,0.35999083518981934,0.3099941611289978,0.25611838698387146,0.19748519361019135,0.12876516580581665,0.9672361016273499,0.7144802212715149,0.023805031552910805,0.30576401948928833,0.36629119515419006,0.4051611125469208,0.431568443775177,0.4481588900089264,0.4574265778064728,0.459917277097702,0.456277459859848,0.4475522041320801,0.43414825201034546,0.41579434275627136,0.39351794123649597,0.3669073283672333,0.33628049492836,0.30172672867774963,0.2619863748550415,0.21667234599590302,0.16577333211898804,0.10555214434862137,0.6875970959663391,0.6151022911071777,0.5595825910568237,0.5119035840034485,0.4702378511428833,0.4311792254447937,0.3942805230617523,0.3604460656642914,0.32825997471809387,0.2974281907081604,0.26705148816108704,0.23687388002872467,0.20812605321407318,0.1802198886871338,0.1530039757490158,0.12359530478715897,0.09514635056257248,0.06506487727165222,0.036137208342552185,0.0792650356888771,0.9351556301116943,0.8848409652709961,0.8375935554504395,0.7919532656669617,0.7484448552131653,0.7050113081932068,0.6614500284194946,0.6192179322242737,0.5777032971382141,0.5364629030227661,0.49395376443862915,0.4519043266773224,0.4090043008327484,0.3653739094734192,0.32071632146835327,0.2732263207435608,0.2224242389202118,0.1680845469236374,0.1060735285282135
6,0.963011622428894,0.7811665534973145,0.02668740414083004,0.35611778497695923,0.4221949577331543,0.4641711115837097,0.4922958016395569,0.5097717642784119,0.5192246437072754,0.5213453769683838,0.516936182975769,0.5069172978401184,0.4918266832828522,0.4712493419647217,0.44628944993019104,0.4168059229850769,0.3831348717212677,0.34527307748794556,0.3017891049385071,0.2523837387561798,0.19640593230724335,0.12885800004005432,0.6376039385795593,0.5597550272941589,0.5011874437332153,0.45178863406181335,0.4092152416706085,0.369722455739975,0.3329762816429138,0.29938626289367676,0.26837217807769775,0.23915605247020721,0.21057568490505219,0.18380284309387207,0.15815511345863342,0.1335476040840149,0.10991884022951126,0.08692331612110138,0.06457988917827606,0.042734771966934204,0.02199171856045723,0.08790096640586853,1e-06,0.9529032707214355,0.9105198383331299,0.8692913055419922,0.8282691240310669,0.7883078455924988,0.7475154995918274,0.7057994604110718,0.6648042798042297,0.623951256275177,0.5829324722290039,0.5400593876838684,0.49708008766174316,0.45294177532196045,0.40775761008262634,0.36109620332717896,0.31099262833595276,0.25700005888938904,0.19821888208389282,0.12925520539283752,0.9672425985336304,0.7145465016365051,0.023800654336810112,0.30591076612472534,0.36642128229141235,0.4052642285823822,0.4316701292991638,0.44824519753456116,0.45749130845069885,0.4599590003490448,0.45630571246147156,0.447548508644104,0.4341193437576294,0.4157513976097107,0.3934415876865387,0.36683204770088196,0.3361942768096924,0.30162250995635986,0.2618885934352875,0.2165886014699936,0.16571255028247833,0.10553603619337082,0.6874385476112366,0.6149455904960632,0.5594395399093628,0.511745035648346,0.4700818359851837,0.4310239851474762,0.3941251337528229,0.3602933883666992,0.32811564207077026,0.2972819209098816,0.26691630482673645,0.2367480993270874,0.208004429936409,0.18004195392131805,0.15289324522018433,0.12341819703578949,0.09505687654018402,0.06495711207389832,0.03613162040710449,0.07925035059452057,0.9350895285606384,0.8847386240959167,0.8374861478805542,0.7918283939361572,0.748335599899292,0.7048681378364563,0.6613068580627441,0.61907958984375,0.5775420069694519,0.5362970232963562,0.49379783868789673,0.45173096656799316,0.408860445022583,0.36523139476776123,0.320570707321167,0.2731023132801056,0.22232580184936523,0.16801764070987701,0.10605643689632416
7,0.963018536567688,0.7812488079071045,0.026681972667574883,0.3558146357536316,0.42194250226020813,0.46392202377319336,0.49207478761672974,0.5095324516296387,0.519001841545105,0.5211767554283142,0.5168051719665527,0.5068147778511047,0.491713285446167,0.4710714519023895,0.44609180092811584,0.41657739877700806,0.38287457823753357,0.34496432542800903,0.3014834225177765,0.2520986795425415,0.19620801508426666,0.12888400256633759,0.6379477381706238,0.5600965023040771,0.5015460848808289,0.4521188735961914,0.4095698595046997,0.3702985942363739,0.33356529474258423,0.3000189960002899,0.2689689099788666,0.23963838815689087,0.2110428661108017,0.18382766842842102,0.158051997423172,0.1334572583436966,0.10999541729688644,0.08689359575510025,0.06445129215717316,0.04303298518061638,0.02277214452624321,0.08788423240184784,1e-06,0.9530777931213379,0.9107699990272522,0.869440495967865,0.8283688426017761,0.7883678078651428,0.747576892375946,0.7058843374252319,0.6648958921432495,0.6240186095237732,0.582925021648407,0.5399527549743652,0.4969278872013092,0.4527395963668823,0.40750768780708313,0.3607849180698395,0.31067660450935364,0.25670501589775085,0.19801363348960876,0.1292792111635208,0.9672470688819885,0.7146031260490417,0.0237972903996706,0.3060428500175476,0.3665297329425812,0.40535005927085876,0.43175846338272095,0.4483114778995514,0.4575407803058624,0.4600011706352234,0.4563228487968445,0.4475509524345398,0.4341185986995697,0.41573795676231384,0.39342552423477173,0.3668254315853119,0.3361780643463135,0.30160629749298096,0.2618735730648041,0.2165766954421997,0.16571953892707825,0.10556565970182419,0.687293529510498,0.6148108839988708,0.5593159794807434,0.511608362197876,0.46995413303375244,0.4309080243110657,0.3939951956272125,0.3601941764354706,0.32804906368255615,0.29719993472099304,0.2668450176715851,0.2366749346256256,0.20795199275016785,0.18000271916389465,0.15284349024295807,0.12338339537382126,0.09499858319759369,0.0649019330739975,0.03617522865533829,0.07923972606658936,0.9350177645683289,0.8846302032470703,0.8373779058456421,0.7917317152023315,0.7482320070266724,0.7047704458236694,0.661202073097229,0.6189773678779602,0.5774465203285217,0.5362082719802856,0.4937196671962738,0.4516611695289612,0.40881678462028503,0.36518988013267517,0.3205348551273346,0.2730751037597656,0.22230733931064606,0.1680222600698471,0.1060858741402626
8,0.9630253911018372,0.7813146710395813,0.0266776941716671,0.35661107301712036,0.4227474629878998,0.46472713351249695,0.4928589463233948,0.51027512550354,0.5197261571884155,0.5218998193740845,0.5175511837005615,0.5075914263725281,0.49247777462005615,0.471876859664917,0.4469625949859619,0.4175163507461548,0.38387054204940796,0.34603577852249146,0.30258864164352417,0.2531667947769165,0.1971668004989624,0.12963847815990448,0.6371014714241028,0.5591689348220825,0.5005761981010437,0.4511493146419525,0.4086243212223053,0.3693317472934723,0.3325730264186859,0.2992068827152252,0.2679559290409088,0.23876000940799713,0.21036899089813232,0.18372754752635956,0.15819303691387177,0.13378047943115234,0.1100778728723526,0.08725956082344055,0.06495567411184311,0.04298089072108269,0.022630566731095314,0.08787046372890472,1e-06,0.9530640244483948,0.9106658697128296,0.8694115877151489,0.8284311890602112,0.7884851694107056,0.7477847337722778,0.706220269203186,0.6653594970703125,0.6246016025543213,0.5835664868354797,0.5406894683837891,0.49776944518089294,0.45367002487182617,0.40849900245666504,0.3618624806404114,0.3117925822734833,0.2577829957008362,0.19897858798503876,0.13003548979759216,0.9672518372535706,0.714651882648468,0.023793824017047882,0.3061179220676422,0.36660677194595337,0.4054242968559265,0.43182218074798584,0.44836971163749695,0.45758411288261414,0.4600222408771515,0.4563238322734833,0.44753408432006836,0.4340808093547821,0.41568678617477417,0.3933645188808441,0.3667374849319458,0.33608680963516235,0.3015040457248688,0.2617642879486084,0.21647909283638,0.16563273966312408,0.10552611202001572,0.6872091889381409,0.6147185564041138,0.5592149496078491,0.5114978551864624,0.46983620524406433,0.4307847023010254,0.3938729465007782,0.3600723147392273,0.3279181122779846,0.29709935188293457,0.26669636368751526,0.23655082285404205,0.20784901082515717,0.17991209030151367,0.15273848176002502,0.12330057471990585,0.09489481896162033,0.06479360163211823,0.03617827221751213,0.07922902703285217,0.9349765181541443,0.8845697045326233,0.8372985124588013,0.7916228771209717,0.7481235861778259,0.7046473622322083,0.6610594391822815,0.6188319325447083,0.5772960782051086,0.5360493063926697,0.4935617744922638,0.45151621103286743,0.40866291522979736,0.36504775285720825,0.32039371132850647,0.2729405164718628,0.222195565700531,0.16792912781238556,0.10604508221149445
9,0.9630333185195923,0.781381368637085,0.026673322543501854,0.35556161403656006,0.4215107560157776,0.46341511607170105,0.4915878474712372,0.5090782046318054,0.5185486078262329,0.5206712484359741,0.5162546634674072,0.5062262415885925,0.49108242988586426,0.470455139875412,0.4455089569091797,0.41605427861213684,0.38240909576416016,0.344613641500473,0.30123722553253174,0.2519305646419525,0.1961473673582077,0.1288914531469345,0.6381789445877075,0.5605340003967285,0.5021488666534424,0.45276939868927,0.4102487564086914,0.3710353374481201,0.33431509137153625,0.30054426193237305,0.2695915400981903,0.24046829342842102,0.2120334357023239,0.1853870153427124,0.15966485440731049,0.13505065441131592,0.1112576425075531,0.08788473904132843,0.06541954725980759,0.04398727044463158,0.02316262573003769,0.08785650879144669,1e-06,0.9528502225875854,0.9104371070861816,0.8690779805183411,0.8280103206634521,0.7880377173423767,0.7472149729728699,0.7054452300071716,0.66441410779953,0.6235154867172241,0.5823865532875061,0.5394169688224792,0.4964284300804138,0.4522934556007385,0.407112181186676,0.3604888916015625,0.3104785084724426,0.25657328963279724,0.19797395169734955,0.12929390370845795,0.9672508835792542,0.7146808505058289,0.023794448003172874,0.3060740828514099,0.36654388904571533,0.4053623676300049,0.4317791163921356,0.4483371376991272,0.45757535099983215,0.46004238724708557,0.4563889503479004,0.4476170539855957,0.4342125952243805,0.4158424139022827,0.3935544490814209,0.3669593036174774,0.33632969856262207,0.30175620317459106,0.26202642917633057,0.21673350036144257,0.16586080193519592,0.1057094857096672,0.6872603297233582,0.6148078441619873,0.5593239068984985,0.5116178393363953,0.46998369693756104,0.43094465136528015,0.394048273563385,0.3602411150932312,0.3281281292438507,0.29729604721069336,0.2669133245944977,0.23675966262817383,0.2080511897802353,0.1800636500120163,0.1529315859079361,0.12347672879695892,0.09504451602697372,0.06488475948572159,0.036241549998521805,0.07922916114330292,0.9350190162658691,0.884659469127655,0.8374106884002686,0.7917628884315491,0.748295247554779,0.7048405408859253,0.6612831950187683,0.6190808415412903,0.5775578618049622,0.5363410711288452,0.4938567578792572,0.45182493329048157,0.4089815616607666,0.3653656542301178,0.32070162892341614,0.273238867521286,0.22247008979320526,0.16816608607769012,0.10623083263635635
10,0.9630375504493713,0.781446635723114,0.026669137179851532,0.35611873865127563,0.4221073389053345,0.46399563550949097,0.4920659065246582,0.5094955563545227,0.5189270973205566,0.5210498571395874,0.5166401267051697,0.5066341161727905,0.49152815341949463,0.47093477845191956,0.44604039192199707,0.4166155159473419,0.3829580843448639,0.3451334238052368,0.301725298166275,0.25238338112831116,0.19651846587657928,0.1292484551668167,0.6378318667411804,0.560100793838501,0.5016717910766602,0.4523710012435913,0.4099072217941284,0.37069305777549744,0.33390507102012634,0.3003397583961487,0.2693732678890228,0.24019818007946014,0.21173067390918732,0.1850341558456421,0.15910008549690247,0.13455453515052795,0.11076145619153976,0.08759073913097382,0.06486742198467255,0.04337944835424423,0.023007845506072044,0.08784294128417969,1e-06,0.9530185461044312,0.9103926420211792,0.8689638376235962,0.8278309106826782,0.7878604531288147,0.7470818161964417,0.7053688168525696,0.6644246578216553,0.6236238479614258,0.5826174020767212,0.5397509336471558,0.4968695044517517,0.45281070470809937,0.407636433839798,0.3610077500343323,0.31097230315208435,0.25703126192092896,0.1983487606048584,0.12964819371700287,0.9672597646713257,0.7147127389907837,0.02378898486495018,0.3063303530216217,0.3668009042739868,0.40559643507003784,0.4319744408130646,0.4484803378582001,0.4576505124568939,0.4600421190261841,0.45632341504096985,0.4474988579750061,0.4340045750141144,0.41557949781417847,0.39324820041656494,0.36662280559539795,0.33595818281173706,0.30137741565704346,0.2616514563560486,0.2163747102022171,0.16555532813072205,0.10549769550561905,0.686974287033081,0.6144748330116272,0.5589549541473389,0.5112184286117554,0.46956008672714233,0.43052423000335693,0.39362606406211853,0.35981714725494385,0.32767701148986816,0.29689520597457886,0.26651492714881897,0.23639081418514252,0.20768797397613525,0.17971348762512207,0.15263089537620544,0.12318677455186844,0.0948106050491333,0.06465182453393936,0.03613627329468727,0.07921431213617325,0.9348427653312683,0.8843955993652344,0.8370416760444641,0.7913494110107422,0.7478408813476562,0.704351544380188,0.6607527732849121,0.6185402274131775,0.5770174860954285,0.5357677936553955,0.4932864308357239,0.45127105712890625,0.4084528088569641,0.3648484945297241,0.3202212154865265,0.272799015045166,0.22207525372505188,0.16784438490867615,0.10601505637168884
11,0.9630435705184937,0.7815111875534058,0.026664966717362404,0.3564940392971039,0.42266538739204407,0.4646882116794586,0.4928283095359802,0.5102095603942871,0.5196017622947693,0.5216882824897766,0.5172364711761475,0.5071364641189575,0.49192604422569275,0.4712451100349426,0.446273535490036,0.41676855087280273,0.3830432593822479,0.345146119594574,0.30164554715156555,0.2522324323654175,0.19634604454040527,0.12908168137073517,0.6372556090354919,0.5593711733818054,0.5007836222648621,0.45129331946372986,0.4086712896823883,0.36936134099960327,0.33260393142700195,0.2993146479129791,0.26840487122535706,0.23934271931648254,0.2108835130929947,0.1840319186449051,0.15815722942352295,0.13373683393001556,0.1100081130862236,0.08694922178983688,0.06433162838220596,0.04275275394320488,0.022186418995261192,0.08782988041639328,1e-06,0.9530854821205139,0.9107940196990967,0.869430422782898,0.8282622694969177,0.7881689667701721,0.7473388910293579,0.7056168913841248,0.6646645665168762,0.6238192915916443,0.5827556252479553,0.5398440361022949,0.4969366490840912,0.45284101366996765,0.4076380729675293,0.3609623908996582,0.31085389852523804,0.25685957074165344,0.19816577434539795,0.12948040664196014,0.9672592282295227,0.714734673500061,0.023788979277014732,0.3063218891620636,0.366786390542984,0.40558546781539917,0.4319685399532318,0.4484686851501465,0.4576572775840759,0.46006834506988525,0.4563571810722351,0.4475402534008026,0.43407246470451355,0.41565266251564026,0.3933401107788086,0.3667375445365906,0.33609089255332947,0.3015157878398895,0.26179996132850647,0.21650898456573486,0.16567467153072357,0.10558830201625824,0.6869847178459167,0.6144987940788269,0.558982789516449,0.5112535357475281,0.4696238040924072,0.43058639764785767,0.39369267225265503,0.3598950505256653,0.3277682662010193,0.29697951674461365,0.26661616563796997,0.2365097850561142,0.20779643952846527,0.17981834709644318,0.15272536873817444,0.12328000366687775,0.0948917418718338,0.06468468904495239,0.03617722541093826,0.07921319454908371,0.9348536729812622,0.8844326734542847,0.8370828032493591,0.7914080023765564,0.7479117512702942,0.704443633556366,0.6608673930168152,0.618657112121582,0.5771390199661255,0.5359036326408386,0.49342554807662964,0.45142409205436707,0.40862002968788147,0.36502015590667725,0.3203872740268707,0.2729674279689789,0.22222080826759338,0.16796790063381195,0.10610682517290115
12,0.9630483984947205,0.7815656065940857,0.02666136622428894,0.35637205839157104,0.4224335849285126,0.4643837809562683,0.49249592423439026,0.5099088549613953,0.5193158984184265,0.5213826298713684,0.5169079303741455,0.5068345665931702,0.4916549324989319,0.47100844979286194,0.44603991508483887,0.41655316948890686,0.3828614056110382,0.3449685573577881,0.30148544907569885,0.25209924578666687,0.19627070426940918,0.12897945940494537,0.6373531222343445,0.5595588684082031,0.5010676383972168,0.4517040550708771,0.4091995656490326,0.36995694041252136,0.3332715630531311,0.3000035881996155,0.2688238024711609,0.23964232206344604,0.21117454767227173,0.184528186917305,0.15854999423027039,0.13400033116340637,0.11052354425191879,0.08746416866779327,0.06499940901994705,0.04333409294486046,0.022786302492022514,0.08781811594963074,1e-06,0.9529349207878113,0.9104965329170227,0.8690943121910095,0.8279447555541992,0.7878836393356323,0.7470463514328003,0.7052925229072571,0.664294421672821,0.6234563589096069,0.582403838634491,0.539534866809845,0.49662840366363525,0.45255669951438904,0.4073948264122009,0.360735684633255,0.31065696477890015,0.2567006051540375,0.19807852804660797,0.1293773502111435,0.9672671556472778,0.714775562286377,0.023784086108207703,0.30645641684532166,0.3669447898864746,0.405743807554245,0.4321068823337555,0.44857820868492126,0.4577375650405884,0.4600740373134613,0.4563334286212921,0.44747769832611084,0.4339545667171478,0.4154888391494751,0.3931262195110321,0.366496205329895,0.3358123302459717,0.30123186111450195,0.26150673627853394,0.21621036529541016,0.16540877521038055,0.10537630319595337,0.6868361234664917,0.6143009662628174,0.5587474703788757,0.5109953284263611,0.46934211254119873,0.4302830398082733,0.39340856671333313,0.3595847189426422,0.3274523913860321,0.2966693341732025,0.26631271839141846,0.23621857166290283,0.20751965045928955,0.17957007884979248,0.15247158706188202,0.12305564433336258,0.09468664228916168,0.06449874490499496,0.03606472536921501,0.0791994035243988,0.934773325920105,0.8842986822128296,0.8368934392929077,0.7911726832389832,0.7476392388343811,0.7041459083557129,0.6605009436607361,0.618297278881073,0.5767784714698792,0.5355212092399597,0.4930349588394165,0.45102161169052124,0.4082314074039459,0.36463093757629395,0.32002291083335876,0.2726222276687622,0.22189173102378845,0.1676882654428482,0.10589130222797394
13,0.9630540609359741,0.7816115021705627,0.026658358052372932,0.3566967248916626,0.42269232869148254,0.46465057134628296,0.4927729070186615,0.5101860761642456,0.5195873379707336,0.5216929316520691,0.5173021554946899,0.5073122978210449,0.4922012388706207,0.4716046452522278,0.4467044770717621,0.41729289293289185,0.38368773460388184,0.3458748459815979,0.3024749159812927,0.25309789180755615,0.19721277058124542,0.12977704405784607,0.6369984745979309,0.5592250227928162,0.5007118582725525,0.45136380195617676,0.40891095995903015,0.3697319030761719,0.33302977681159973,0.29967620968818665,0.2686863839626312,0.2393377721309662,0.2109358310699463,0.18436956405639648,0.15888124704360962,0.13448092341423035,0.11092235893011093,0.08732759207487106,0.06489003449678421,0.043316375464200974,0.023110654205083847,0.08780834078788757,1e-06,0.9530163407325745,0.9107716083526611,0.8695598840713501,0.8285690546035767,0.7885963916778564,0.7477962374687195,0.7060826420783997,0.6651496887207031,0.6243579983711243,0.5833291411399841,0.5404536128044128,0.49756065011024475,0.45351338386535645,0.4083869457244873,0.3617571294307709,0.31172189116477966,0.2577453553676605,0.19904176890850067,0.13018006086349487,0.9672648310661316,0.7148317098617554,0.023785805329680443,0.3062131404876709,0.36668962240219116,0.4055308997631073,0.4319458305835724,0.4484867751598358,0.45771706104278564,0.46015363931655884,0.45647943019866943,0.44769567251205444,0.4342444837093353,0.4158328175544739,0.3935202360153198,0.36694663763046265,0.3362930715084076,0.3017306327819824,0.26200637221336365,0.21668799221515656,0.16581390798091888,0.10567600280046463,0.6871116757392883,0.6146441102027893,0.5591139197349548,0.5113833546638489,0.4697531461715698,0.43070316314697266,0.39380815625190735,0.36000117659568787,0.32787755131721497,0.29705893993377686,0.26671698689460754,0.23660916090011597,0.20787258446216583,0.1799142211675644,0.15278345346450806,0.12334641069173813,0.09493477642536163,0.06470386683940887,0.036179061979055405,0.07920242846012115,0.9349658489227295,0.8846132159233093,0.8372939229011536,0.7916335463523865,0.7481642365455627,0.7047092318534851,0.661120593547821,0.6189287900924683,0.5774210095405579,0.5361730456352234,0.49368607997894287,0.4516655206680298,0.40887752175331116,0.36525848507881165,0.3206252455711365,0.2731890082359314,0.2224065661430359,0.16810980439186096,0.10619507730007172
14,0.9630586504936218,0.7816677689552307,0.026654714718461037,0.3563944101333618,0.4225184917449951,0.4645419120788574,0.4926849901676178,0.5101406574249268,0.5196132063865662,0.5218079090118408,0.5174744725227356,0.5075161457061768,0.4924335479736328,0.4718601703643799,0.4469425678253174,0.4174988865852356,0.3838198482990265,0.3459574282169342,0.30242297053337097,0.25294679403305054,0.19696637988090515,0.12949949502944946,0.6375383734703064,0.5596837997436523,0.5011532306671143,0.45181116461753845,0.4093293249607086,0.3700990676879883,0.3333527445793152,0.3000076711177826,0.268985778093338,0.2397879660129547,0.2111852616071701,0.18427275121212006,0.15851996839046478,0.13396865129470825,0.11048746109008789,0.08719216287136078,0.06457414478063583,0.04312421754002571,0.022488806396722794,0.08779634535312653,1e-06,0.9530320763587952,0.910805881023407,0.8695646524429321,0.8284638524055481,0.7884842157363892,0.7477368712425232,0.7060871124267578,0.6652045845985413,0.6244186162948608,0.583398163318634,0.540543794631958,0.49764081835746765,0.4535738527774811,0.408397376537323,0.3617466986179352,0.3116052448749542,0.2575521767139435,0.19877293705940247,0.12989363074302673,0.9672673940658569,0.7148326635360718,0.02378454990684986,0.30629920959472656,0.3667766749858856,0.40560391545295715,0.4320039749145508,0.4485255777835846,0.45773646235466003,0.46014922857284546,0.4564557373523712,0.4476557672023773,0.4341784119606018,0.41574835777282715,0.39343732595443726,0.36685657501220703,0.3362053632736206,0.3016461133956909,0.2619325816631317,0.2166157066822052,0.16576021909713745,0.10565071552991867,0.6870161890983582,0.6145325899124146,0.5589984655380249,0.5112630724906921,0.46963077783584595,0.43057841062545776,0.39368587732315063,0.35987749695777893,0.32777082920074463,0.29696106910705566,0.2666240632534027,0.23653149604797363,0.20781190693378448,0.17984941601753235,0.15272769331932068,0.12331186980009079,0.09490205347537994,0.06467091292142868,0.0361555814743042,0.07919908314943314,0.9349079132080078,0.8845111131668091,0.837166965007782,0.7914828062057495,0.7480083107948303,0.7045466303825378,0.6609428524971008,0.6187523603439331,0.5772509574890137,0.5359982252120972,0.4935101866722107,0.4515160620212555,0.40873751044273376,0.36513590812683105,0.3205192983150482,0.2731022238731384,0.22232812643051147,0.16805292665958405,0.10616915673017502
15,0.9630103707313538,0.7812044620513916,0.02668462134897709,0.35623764991760254,0.4220874011516571,0.4639432728290558,0.4920305013656616,0.5094234347343445,0.5188532471656799,0.5210443139076233,0.5167334675788879,0.5068004131317139,0.49176567792892456,0.47129541635513306,0.4465203583240509,0.4171227514743805,0.38350701332092285,0.34568122029304504,0.30219563841819763,0.25268495082855225,0.19664090871810913,0.1290809065103531,0.637647807598114,0.5600343346595764,0.5016589760780334,0.4523547887802124,0.4097457826137543,0.37062928080558777,0.3339691460132599,0.3007037341594696,0.26970958709716797,0.24050039052963257,0.21201084554195404,0.18505479395389557,0.15931309759616852,0.13448192179203033,0.11085310578346252,0.08747080713510513,0.0645526722073555,0.04306427761912346,0.022668294608592987,0.0878845825791359,1e-07,0.9531446695327759,0.9108367562294006,0.8696342706680298,0.8285523653030396,0.7885916233062744,0.7478418946266174,0.7062161564826965,0.6653251647949219,0.6244880557060242,0.5834248065948486,0.5406016707420349,0.4977431297302246,0.45361900329589844,0.4083893597126007,0.36168166995048523,0.31149956583976746,0.25735169649124146,0.19847024977207184,0.12948139011859894,0.967305064201355,0.7153173685073853,0.023758701980113983,0.3061636686325073,0.3667972683906555,0.40579092502593994,0.43225905299186707,0.44886836409568787,0.4581594169139862,0.46064284443855286,0.4569433927536011,0.4481169879436493,0.43462786078453064,0.41614073514938354,0.39377284049987793,0.367134153842926,0.33642932772636414,0.30183395743370056,0.262084037065506,0.21671539545059204,0.16581079363822937,0.10567831248044968,0.6872043013572693,0.614605724811554,0.5589396953582764,0.5111688375473022,0.46947187185287476,0.4303392469882965,0.39337974786758423,0.3595472574234009,0.3274003565311432,0.29655346274375916,0.2662639617919922,0.23734703660011292,0.20741520822048187,0.17940382659435272,0.1524210423231125,0.12302026152610779,0.09473226219415665,0.06454508006572723,0.036069516092538834,0.07911588251590729,0.9353746771812439,0.8850595951080322,0.8377574682235718,0.7920591235160828,0.7485837340354919,0.7051037549972534,0.6614933609962463,0.6192313432693481,0.5776350498199463,0.5363374948501587,0.4937843382358551,0.45172327756881714,0.4088941514492035,0.36524975299835205,0.3206195533275604,0.27319082617759705,0.22239185869693756,0.16808609664440155,0.10619224607944489
16,0.963017463684082,0.7812718749046326,0.026680365204811096,0.35658496618270874,0.42254331707954407,0.46442487835884094,0.49249207973480225,0.5098450779914856,0.5192327499389648,0.5213513970375061,0.5169828534126282,0.5070182681083679,0.49195346236228943,0.4714759588241577,0.4466923475265503,0.41731882095336914,0.3837239444255829,0.34592241048812866,0.30245524644851685,0.2529180645942688,0.19683898985385895,0.1292666345834732,0.6369329690933228,0.5592576265335083,0.5004397034645081,0.45116838812828064,0.40881770849227905,0.36970803141593933,0.3331058621406555,0.29984891414642334,0.2688312232494354,0.23961743712425232,0.2111182063817978,0.1844903826713562,0.15887296199798584,0.13430295884609222,0.11091580986976624,0.08777035772800446,0.06526674330234528,0.04375468194484711,0.02334870770573616,0.08787203580141068,1e-07,0.9526090621948242,0.9103352427482605,0.8692043423652649,0.8282610774040222,0.7883477807044983,0.7476353645324707,0.7060235142707825,0.6651567220687866,0.6243761777877808,0.5833715200424194,0.5406054258346558,0.4977944791316986,0.45373064279556274,0.40854477882385254,0.3618758022785187,0.31173357367515564,0.2575733959674835,0.1986655741930008,0.12966510653495789,0.9673223495483398,0.7155195474624634,0.023746799677610397,0.3061522841453552,0.36686021089553833,0.40591365098953247,0.4324132800102234,0.4490472376346588,0.45835694670677185,0.460841566324234,0.4571165144443512,0.4483015835285187,0.4347674250602722,0.41626599431037903,0.3938544690608978,0.36719584465026855,0.336458295583725,0.3018453121185303,0.2620820701122284,0.21669328212738037,0.16580763459205627,0.10567683726549149,0.68723464012146,0.6145711541175842,0.5588428378105164,0.5110400915145874,0.46932128071784973,0.4301549196243286,0.3931742012500763,0.3593338131904602,0.3271706700325012,0.2963258624076843,0.26595205068588257,0.2371167540550232,0.20718277990818024,0.1792086511850357,0.1522780805826187,0.12293458729982376,0.09464012086391449,0.06455058604478836,0.03619428724050522,0.07907797396183014,0.9355401396751404,0.8852526545524597,0.8379164934158325,0.7922080755233765,0.7487466335296631,0.7052483558654785,0.6616113781929016,0.6192986369132996,0.5777067542076111,0.5363588333129883,0.4937959313392639,0.45170581340789795,0.4088653028011322,0.36520805954933167,0.32058173418045044,0.2731529474258423,0.2223493754863739,0.16807495057582855,0.10618875175714493
17,0.9630186557769775,0.7812978029251099,0.026678746566176414,0.35601696372032166,0.42194733023643494,0.46387729048728943,0.49203234910964966,0.5095024704933167,0.5190539360046387,0.5212781429290771,0.5169877409934998,0.5070577263832092,0.49203139543533325,0.4715389907360077,0.4467051029205322,0.4172990918159485,0.38364607095718384,0.345742404460907,0.30218565464019775,0.25258758664131165,0.19646841287612915,0.12899471819400787,0.6377057433128357,0.5600408911705017,0.5015955567359924,0.4522216022014618,0.40970665216445923,0.3704003393650055,0.3335757255554199,0.30029192566871643,0.2693512439727783,0.24000543355941772,0.21151527762413025,0.18495842814445496,0.15929663181304932,0.13436393439769745,0.11088351160287857,0.08742105215787888,0.06483466178178787,0.0434701107442379,0.022754110395908356,0.08786733448505402,1e-07,0.95269775390625,0.9104014039039612,0.8691934943199158,0.8281872868537903,0.7882770299911499,0.7476030588150024,0.7060057520866394,0.6651400923728943,0.6243428587913513,0.5833231210708618,0.540492057800293,0.4976094663143158,0.4535215198993683,0.4083097577095032,0.36158308386802673,0.31138888001441956,0.25720030069351196,0.19827650487422943,0.1293897032737732,0.9673311710357666,0.7156158089637756,0.02374100312590599,0.30615758895874023,0.3668980896472931,0.4059804677963257,0.43248429894447327,0.4491341710090637,0.4584644138813019,0.4609365463256836,0.4572097063064575,0.44839417934417725,0.43485119938850403,0.41631951928138733,0.39389488101005554,0.3672216832637787,0.3364754021167755,0.301848441362381,0.2620810270309448,0.21669651567935944,0.16581618785858154,0.10569514334201813,0.687237560749054,0.6145472526550293,0.5587910413742065,0.5109895467758179,0.46925073862075806,0.4300559461116791,0.39307940006256104,0.3592315912246704,0.3270590305328369,0.29619577527046204,0.2658769488334656,0.2370123714208603,0.2070801705121994,0.17910431325435638,0.15221257507801056,0.12288542836904526,0.09457388520240784,0.06450194865465164,0.03644103184342384,0.0790591761469841,0.9356184601783752,0.885345995426178,0.8380034565925598,0.7922845482826233,0.7488236427307129,0.7053295373916626,0.6616625189781189,0.6193369030952454,0.577742874622345,0.5363809466362,0.49379613995552063,0.4516996145248413,0.40884900093078613,0.36518990993499756,0.3205617368221283,0.2731364071369171,0.2223433554172516,0.1680798977613449,0.10620616376399994
18,0.9630231261253357,0.7813128232955933,0.026677846908569336,0.3561515808105469,0.42205601930618286,0.46389028429985046,0.49191614985466003,0.5092215538024902,0.5185967087745667,0.5206683874130249,0.5162501931190491,0.5062268376350403,0.49111208319664,0.470563679933548,0.4457189440727234,0.4163229465484619,0.38273516297340393,0.3449786901473999,0.3016180992126465,0.2522098422050476,0.19628575444221497,0.12894205749034882,0.637313961982727,0.5595760345458984,0.5010586977005005,0.4515894055366516,0.4089762270450592,0.36959102749824524,0.3329315781593323,0.29943186044692993,0.26831185817718506,0.2392406165599823,0.21086645126342773,0.18423256278038025,0.15875683724880219,0.1343020349740982,0.11081747710704803,0.08760450780391693,0.06518638879060745,0.04355834797024727,0.022882135584950447,0.08786435425281525,1e-07,0.9519392251968384,0.9094796180725098,0.8681066036224365,0.827002763748169,0.7870165705680847,0.7462828755378723,0.704657256603241,0.6637991666793823,0.6230522394180298,0.5820931792259216,0.5393291711807251,0.4965256154537201,0.4525047838687897,0.4073948860168457,0.36083081364631653,0.31083330512046814,0.2568281292915344,0.19809383153915405,0.1293361932039261,0.9673351645469666,0.7156670689582825,0.023738181218504906,0.3061399757862091,0.36689701676368713,0.4059981107711792,0.43250933289527893,0.4491671919822693,0.45851799845695496,0.4609936475753784,0.45726579427719116,0.4484579563140869,0.4349145293235779,0.4163728654384613,0.3939386010169983,0.367265909910202,0.3365177512168884,0.3018897473812103,0.2621276080608368,0.2167426198720932,0.16586260497570038,0.10574939846992493,0.6872622966766357,0.6145627498626709,0.5587906837463379,0.5109913945198059,0.4692530035972595,0.43003273010253906,0.3930533230304718,0.35920462012290955,0.32703903317451477,0.2961605489253998,0.26584917306900024,0.23698928952217102,0.2070593684911728,0.17907173931598663,0.15220025181770325,0.12289222329854965,0.0945616215467453,0.06451181322336197,0.03648854047060013,0.07904988527297974,0.9356657862663269,0.8854089379310608,0.8380637168884277,0.7923566102981567,0.748891294002533,0.7054036855697632,0.6617318391799927,0.6193932890892029,0.5778008103370667,0.536438524723053,0.49383801221847534,0.4517335295677185,0.4088861048221588,0.36522409319877625,0.3205994963645935,0.27318182587623596,0.22238892316818237,0.16812634468078613,0.10626058280467987
19,0.9630236625671387,0.7813239693641663,0.026677206158638,0.35589468479156494,0.42186278104782104,0.4638093113899231,0.49193090200424194,0.5093343257904053,0.5187630653381348,0.5208584070205688,0.5164778232574463,0.5064526796340942,0.4913412034511566,0.4707910120487213,0.44595733284950256,0.4165480434894562,0.3829132914543152,0.34507909417152405,0.3016417324542999,0.2522233724594116,0.1963042914867401,0.12892861664295197,0.6380336880683899,0.5603209137916565,0.5018188953399658,0.45242759585380554,0.40991389751434326,0.3707246780395508,0.3341359496116638,0.3006214201450348,0.26927536725997925,0.24015302956104279,0.2117462456226349,0.18510179221630096,0.15925879776477814,0.13469308614730835,0.11109756678342819,0.0878015086054802,0.06500605493783951,0.043459899723529816,0.02248281054198742,0.08786255866289139,1e-07,0.9524630308151245,0.9099037051200867,0.8686076402664185,0.8276054859161377,0.7876518964767456,0.7469381093978882,0.7052762508392334,0.6643730998039246,0.6235415935516357,0.5824891924858093,0.5396633744239807,0.4968259036540985,0.45275983214378357,0.40758028626441956,0.36092790961265564,0.3108474016189575,0.25683435797691345,0.19810935854911804,0.12932312488555908,0.9673380255699158,0.7156976461410522,0.023736504837870598,0.3061310350894928,0.36689677834510803,0.4060058891773224,0.4325183928012848,0.4491916298866272,0.4585497975349426,0.46101897954940796,0.45730769634246826,0.44849589467048645,0.43495649099349976,0.41641512513160706,0.3939756751060486,0.36730092763900757,0.3365558087825775,0.3019182085990906,0.2621704936027527,0.216792032122612,0.16591249406337738,0.105795718729496,0.687274694442749,0.6145716905593872,0.5587964057922363,0.5110040307044983,0.46925535798072815,0.4300312101840973,0.3930645287036896,0.35918641090393066,0.3270270824432373,0.29616329073905945,0.26584431529045105,0.23699408769607544,0.20705653727054596,0.17907217144966125,0.15220391750335693,0.12288983911275864,0.094566710293293,0.06452169269323349,0.03655993565917015,0.07904437184333801,0.9356864094734192,0.8854460716247559,0.838108479976654,0.7923951148986816,0.748949408531189,0.7054614424705505,0.6617696285247803,0.61944580078125,0.5778447985649109,0.536483883857727,0.49388131499290466,0.4517729878425598,0.40892159938812256,0.3652611970901489,0.320627897977829,0.2732255160808563,0.22243940830230713,0.1681772917509079,0.10630738735198975
20,0.9630227088928223,0.7813341021537781,0.02667653188109398,0.3558853566646576,0.42175960540771484,0.4636131227016449,0.4916630983352661,0.5090160369873047,0.5184320211410522,0.5205606818199158,0.5161920189857483,0.5062084794044495,0.49111106991767883,0.47058865427970886,0.4457641541957855,0.4163449704647064,0.3827303349971771,0.34496137499809265,0.3015753924846649,0.2521687150001526,0.19625233113765717,0.12890812754631042,0.6380640268325806,0.5604410171508789,0.5020215511322021,0.4526984989643097,0.41026222705841064,0.3710601031780243,0.3343258500099182,0.3009748160839081,0.26988494396209717,0.24045433104038239,0.21179987490177155,0.18491746485233307,0.15912073850631714,0.1346062868833542,0.11102194339036942,0.08761908859014511,0.06536553055047989,0.04367532953619957,0.02307596243917942,0.0878605917096138,1e-07,0.9525354504585266,0.9100528955459595,0.8686972856521606,0.8275589346885681,0.7875416874885559,0.7467696070671082,0.7050958871841431,0.6641971468925476,0.6233908534049988,0.5823470950126648,0.5395345687866211,0.4966926872730255,0.45261117815971375,0.40744665265083313,0.36085253953933716,0.3108130395412445,0.2568027377128601,0.19806954264640808,0.12930504977703094,0.9673399329185486,0.7157211303710938,0.023735256865620613,0.306119829416275,0.36689385771751404,0.4060039818286896,0.43252310156822205,0.4492082893848419,0.4585682153701782,0.4610486626625061,0.4573328197002411,0.4485248327255249,0.43497776985168457,0.41644084453582764,0.3939926326274872,0.3673221468925476,0.3365691900253296,0.3019421100616455,0.262191504240036,0.21681566536426544,0.1659422218799591,0.10582789033651352,0.6872893571853638,0.6145823001861572,0.5588116645812988,0.5110142230987549,0.46925610303878784,0.4300353527069092,0.39305633306503296,0.35919052362442017,0.32702258229255676,0.2961594760417938,0.26583126187324524,0.23698914051055908,0.20705612003803253,0.1790761500597,0.1521921455860138,0.12290353327989578,0.09455493092536926,0.06451733410358429,0.036603014916181564,0.07904013991355896,0.9357082843780518,0.8854762315750122,0.8381335139274597,0.79242342710495,0.7489804029464722,0.7054948806762695,0.6618061661720276,0.6194722652435303,0.5778727531433105,0.5365004539489746,0.49390214681625366,0.45178690552711487,0.4089401066303253,0.36527204513549805,0.32065027952194214,0.2732454240322113,0.2224625051021576,0.1682071089744568,0.10633963346481323
21,0.963024377822876,0.7813425660133362,0.026676028966903687,0.35655477643013,0.4226321280002594,0.4646247327327728,0.4927808940410614,0.5102338194847107,0.5197064876556396,0.5219057202339172,0.5175970792770386,0.5076575875282288,0.4926173686981201,0.4721396565437317,0.4473414719104767,0.4179421663284302,0.384292870759964,0.34643077850341797,0.3029387295246124,0.2533615827560425,0.19722190499305725,0.12960420548915863,0.6371688842773438,0.5593633651733398,0.500848650932312,0.4514976441860199,0.4089890420436859,0.3697303533554077,0.33307212591171265,0.2996129095554352,0.2684623897075653,0.23931601643562317,0.21086330711841583,0.18403013050556183,0.1583045870065689,0.1336003988981247,0.11023220419883728,0.087222158908844,0.06480217725038528,0.043403588235378265,0.02265205606818199,0.08785892277956009,1e-07,0.9529368877410889,0.9109165668487549,0.8698103427886963,0.828928530216217,0.7890880107879639,0.7484005689620972,0.7067918181419373,0.6659280061721802,0.6251308917999268,0.5841057300567627,0.5412987470626831,0.49844488501548767,0.45434388518333435,0.40910547971725464,0.3623862564563751,0.3122204542160034,0.2580154836177826,0.1990445852279663,0.13000324368476868,0.9673407673835754,0.71573805809021,0.02373449318110943,0.3061054050922394,0.366885781288147,0.4059978723526001,0.4325178563594818,0.4492134749889374,0.45857858657836914,0.46106523275375366,0.45734965801239014,0.44854724407196045,0.4350016415119171,0.41647350788116455,0.39401775598526,0.36734679341316223,0.33659523725509644,0.30196329951286316,0.2622153162956238,0.21683870255947113,0.1659732311964035,0.10585159063339233,0.6873070597648621,0.6145989298820496,0.5588310956954956,0.5110369920730591,0.4692750573158264,0.43005189299583435,0.39306530356407166,0.35920295119285583,0.3270324170589447,0.29616305232048035,0.26582857966423035,0.23698991537094116,0.2070508599281311,0.1790854036808014,0.15220946073532104,0.12290745228528976,0.09455396980047226,0.06452447175979614,0.03660336509346962,0.07903740555047989,0.9357277154922485,0.8855079412460327,0.8381679058074951,0.7924544811248779,0.7490154504776001,0.7055329084396362,0.6618413925170898,0.6195019483566284,0.5779092907905579,0.5365291237831116,0.49393925070762634,0.45181456208229065,0.4089663624763489,0.36530110239982605,0.3206731677055359,0.2732701897621155,0.2224862426519394,0.16823895275592804,0.10636371374130249
22,0.9630258083343506,0.7813876867294312,0.02667444571852684,0.35547417402267456,0.4214349091053009,0.4633428752422333,0.49149301648139954,0.5090014934539795,0.5186449885368347,0.5210230946540833,0.5169010758399963,0.5071345567703247,0.4922519624233246,0.47193819284439087,0.4473111033439636,0.41808977723121643,0.3845910429954529,0.3468537926673889,0.3034067451953888,0.2538957893848419,0.1977599561214447,0.1300830990076065,0.6385460495948792,0.5609592795372009,0.5026399493217468,0.45339420437812805,0.41099217534065247,0.3717899024486542,0.3350745737552643,0.3014599680900574,0.27026018500328064,0.2408958077430725,0.21240845322608948,0.1853761225938797,0.1595688760280609,0.13468803465366364,0.11111774295568466,0.08786644041538239,0.06535454094409943,0.043982263654470444,0.023403547704219818,0.08785360306501389,1e-08,0.9528462886810303,0.9107550978660583,0.8696386814117432,0.8287529349327087,0.7889403104782104,0.7483847737312317,0.7068962454795837,0.6661308407783508,0.6253965497016907,0.5844085216522217,0.5416426062583923,0.49884989857673645,0.45482584834098816,0.40965500473976135,0.36298343539237976,0.312796950340271,0.2586139738559723,0.19961614906787872,0.13049040734767914,0.9673479199409485,0.7157396674156189,0.023729583248496056,0.30634212493896484,0.36713993549346924,0.40624797344207764,0.4327285587787628,0.44935739040374756,0.45865052938461304,0.46104517579078674,0.4572475254535675,0.44835707545280457,0.4347333610057831,0.4161244332790375,0.3936004638671875,0.36687546968460083,0.3360825181007385,0.3014308512210846,0.2616851329803467,0.21632739901542664,0.16551251709461212,0.10552236437797546,0.6870421171188354,0.6142651438713074,0.5584357380867004,0.5105985999107361,0.4688091576099396,0.42956894636154175,0.39257004857063293,0.35869306325912476,0.32653379440307617,0.2956598997116089,0.2653331160545349,0.23650632798671722,0.20659805834293365,0.17863306403160095,0.15179948508739471,0.12253568321466446,0.09424836933612823,0.06429300457239151,0.03635129705071449,0.07902437448501587,0.935569703578949,0.8852237462997437,0.8377994298934937,0.7920094728469849,0.7484955787658691,0.7049632668495178,0.6612129807472229,0.6188386082649231,0.5772177577018738,0.5358244180679321,0.49321913719177246,0.4510922431945801,0.4082561731338501,0.36460599303245544,0.3200106918811798,0.2726581394672394,0.22192776203155518,0.16775751113891602,0.10602930188179016
23,0.9630267024040222,0.7813891172409058,0.02667413465678692,0.3555935025215149,0.42149418592453003,0.4634192883968353,0.4915943145751953,0.5090888142585754,0.5186409950256348,0.5208776593208313,0.5166175961494446,0.5067253112792969,0.49170011281967163,0.47127649188041687,0.44649451971054077,0.4171704649925232,0.3836084306240082,0.3458595871925354,0.302477091550827,0.253065288066864,0.19710054993629456,0.12964801490306854,0.6384017467498779,0.5608826279640198,0.5025649070739746,0.45331713557243347,0.4109242558479309,0.3716103732585907,0.33505871891975403,0.30184558033943176,0.27071285247802734,0.24134130775928497,0.2127601057291031,0.1861947476863861,0.16068972647190094,0.13592509925365448,0.11238370090723038,0.08870801329612732,0.06585473567247391,0.044333718717098236,0.023622026666998863,0.08785291761159897,1e-08,0.9530280828475952,0.910688042640686,0.8695242404937744,0.8285965323448181,0.7886763215065002,0.7479599118232727,0.70628821849823,0.6653797030448914,0.6245619654655457,0.583484411239624,0.5406522750854492,0.4977551996707916,0.4536902606487274,0.40850159525871277,0.3618638813495636,0.3117890954017639,0.2577435374259949,0.19893792271614075,0.13004882633686066,0.9673559665679932,0.7157416343688965,0.023725345730781555,0.3065398037433624,0.3673621416091919,0.40645816922187805,0.43290281295776367,0.44947612285614014,0.4587131142616272,0.461029976606369,0.4571536183357239,0.44819316267967224,0.4344961643218994,0.41582250595092773,0.3932482600212097,0.3664655387401581,0.3356417417526245,0.3009583652019501,0.2612113058567047,0.21587304770946503,0.16510726511478424,0.10523112118244171,0.6868211030960083,0.6139766573905945,0.5580945611000061,0.510225236415863,0.4684187173843384,0.42915141582489014,0.39214080572128296,0.35827332735061646,0.32608261704444885,0.29521501064300537,0.2648950517177582,0.2360624372959137,0.2062019556760788,0.17824949324131012,0.1514788419008255,0.12219399213790894,0.09399338811635971,0.06409519165754318,0.036173202097415924,0.07901308685541153,0.9354289174079895,0.8849871754646301,0.8374758958816528,0.7916173934936523,0.7480427622795105,0.7044692635536194,0.6606711149215698,0.6182678937911987,0.5766246914863586,0.5352115631103516,0.49259671568870544,0.45047304034233093,0.40763920545578003,0.36400946974754333,0.3194285035133362,0.2721117436885834,0.22143356502056122,0.16733480989933014,0.1057334616780281
24,0.9630274772644043,0.7813903093338013,0.026673898100852966,0.35556286573410034,0.42154863476753235,0.4635396897792816,0.4917390048503876,0.5092474222183228,0.5188120603561401,0.5210496187210083,0.5167807340621948,0.5069064497947693,0.4919138252735138,0.47146984934806824,0.44668474793434143,0.41733959317207336,0.38375991582870483,0.3459894359111786,0.30254441499710083,0.2530164420604706,0.19687996804714203,0.12935887277126312,0.638232409954071,0.5606082677841187,0.5021890997886658,0.4528839588165283,0.41044360399246216,0.3712565302848816,0.334626168012619,0.30138447880744934,0.27039435505867004,0.24093091487884521,0.2124078869819641,0.1852462887763977,0.1595827043056488,0.1348320096731186,0.11118584126234055,0.0879945158958435,0.0652751475572586,0.04367689788341522,0.022875986993312836,0.08785218000411987,1e-08,0.9529134631156921,0.9108274579048157,0.8696591854095459,0.8286600708961487,0.7887248992919922,0.7480117678642273,0.7063544392585754,0.6654298305511475,0.6246263384819031,0.5835740566253662,0.5407423973083496,0.4978489279747009,0.4537748098373413,0.40858447551727295,0.3619404137134552,0.311811625957489,0.2576546370983124,0.19869258999824524,0.12975239753723145,0.9673604369163513,0.7157458066940308,0.02372223697602749,0.30667033791542053,0.36751434206962585,0.40660372376441956,0.4330269992351532,0.44955870509147644,0.45875510573387146,0.46102553606033325,0.45709288120269775,0.44807955622673035,0.4343343675136566,0.4156082570552826,0.3929862976074219,0.3661620616912842,0.3353075683116913,0.3006090521812439,0.26086390018463135,0.21553277969360352,0.16480889916419983,0.10500942915678024,0.6866753697395325,0.6137807965278625,0.5578625798225403,0.5099663734436035,0.4681435823440552,0.4288611114025116,0.39183250069618225,0.35796263813972473,0.32575544714927673,0.2948963940143585,0.26456788182258606,0.23575225472450256,0.20589539408683777,0.17795053124427795,0.15122057497501373,0.121955007314682,0.0938049852848053,0.06394754350185394,0.03605707362294197,0.07900461554527283,0.9353417158126831,0.8848250508308411,0.8372586965560913,0.7913506627082825,0.747723400592804,0.7041221261024475,0.6602973341941833,0.6178664565086365,0.5761994123458862,0.5347788333892822,0.4921504855155945,0.4500182867050171,0.40718281269073486,0.3635599911212921,0.31899580359458923,0.2717110812664032,0.2210630476474762,0.16702204942703247,0.10550818592309952
25,0.963025689125061,0.7813916206359863,0.02667373977601528,0.3560831844806671,0.4220801889896393,0.46402955055236816,0.49217745661735535,0.5096292495727539,0.5191258192062378,0.5213029384613037,0.5169620513916016,0.5069584250450134,0.49183931946754456,0.4712739884853363,0.446406751871109,0.4169475734233856,0.38322770595550537,0.3453386723995209,0.30184000730514526,0.25234556198120117,0.1963459700345993,0.12900757789611816,0.6376534104347229,0.5599760413169861,0.501544177532196,0.45222774147987366,0.4097626507282257,0.3703005611896515,0.3335530757904053,0.3002670407295227,0.26940983533859253,0.240391805768013,0.21207985281944275,0.1853611320257187,0.15960846841335297,0.1346064954996109,0.11121068894863129,0.08782420307397842,0.06557711213827133,0.043976571410894394,0.023780906572937965,0.08785184472799301,1e-08,0.9528313279151917,0.9105804562568665,0.869300365447998,0.8282878994941711,0.7883375287055969,0.7476091980934143,0.7059596180915833,0.6650332808494568,0.6241578459739685,0.5830502510070801,0.5401672124862671,0.4972550868988037,0.45311620831489563,0.40784284472465515,0.3611476719379425,0.31102824211120605,0.2569481134414673,0.1981479376554489,0.129400372505188,0.9673648476600647,0.7157484889030457,0.0237199068069458,0.30676496028900146,0.3676227033138275,0.40671226382255554,0.43311601877212524,0.4496285915374756,0.4587828516960144,0.46101114153862,0.4570423364639282,0.4479817748069763,0.4342024028301239,0.4154427945613861,0.39278295636177063,0.3659302890300751,0.3350628912448883,0.3003503680229187,0.2606051564216614,0.21528246998786926,0.16458861529827118,0.10484389215707779,0.68656986951828,0.6136382818222046,0.5576905012130737,0.5097722411155701,0.46792805194854736,0.4286426901817322,0.39160680770874023,0.3577288091182709,0.32552415132522583,0.29466286301612854,0.26432204246520996,0.23551970720291138,0.20568449795246124,0.17774944007396698,0.15101902186870575,0.12176939845085144,0.09365993738174438,0.06380810588598251,0.03599340468645096,0.07899840176105499,0.9352783560752869,0.8847018480300903,0.8370955586433411,0.7911400198936462,0.7474884986877441,0.7038497924804688,0.659996747970581,0.6175569891929626,0.5758697986602783,0.534439742565155,0.49181029200553894,0.4496701657772064,0.4068378508090973,0.363230437040329,0.3186739981174469,0.27141299843788147,0.2207908183336258,0.16679203510284424,0.10534007102251053
26,0.9630275964736938,0.7813929319381714,0.026673663407564163,0.3557385504245758,0.42175057530403137,0.46374672651290894,0.491944819688797,0.5094170570373535,0.5188982486724854,0.521027684211731,0.5166453719139099,0.5066229701042175,0.49149182438850403,0.4709198474884033,0.44599631428718567,0.41650620102882385,0.3827971816062927,0.34493958950042725,0.30146101117134094,0.2519819438457489,0.19603081047534943,0.1286689192056656,0.6378334760665894,0.5601590275764465,0.501681923866272,0.45229026675224304,0.40977784991264343,0.3705383539199829,0.3338257372379303,0.30045562982559204,0.2694843113422394,0.24028711020946503,0.21173213422298431,0.18457064032554626,0.1587367057800293,0.13389699161052704,0.11006337404251099,0.08692295849323273,0.06436994671821594,0.043180402368307114,0.022691477090120316,0.08785153180360794,1e-08,0.9526190757751465,0.910393476486206,0.8691124320030212,0.8280569911003113,0.7880569696426392,0.7472462058067322,0.705467939376831,0.6644600629806519,0.6235744953155518,0.5824822187423706,0.5396147966384888,0.4966872036457062,0.4525667726993561,0.4073374569416046,0.3606852889060974,0.310596764087677,0.2565513849258423,0.1978166550397873,0.12905748188495636,0.967367947101593,0.7157498598098755,0.023718135431408882,0.3068426549434662,0.3677108585834503,0.40679487586021423,0.4331863820552826,0.44967907667160034,0.45880621671676636,0.46100303530693054,0.4569987952709198,0.4479133188724518,0.4341011047363281,0.41531431674957275,0.3926253020763397,0.3657539486885071,0.33487313985824585,0.30014991760253906,0.2604008913040161,0.21509197354316711,0.16442734003067017,0.10472483187913895,0.6864829063415527,0.6135245561599731,0.5575569272041321,0.509621262550354,0.4677642285823822,0.42847171425819397,0.39142999053001404,0.35754770040512085,0.32533764839172363,0.2944774329662323,0.26412492990493774,0.23535117506980896,0.20550993084907532,0.177591472864151,0.15087513625621796,0.12164771556854248,0.0935371145606041,0.06372028589248657,0.03598518669605255,0.0789937824010849,0.9352245330810547,0.884609043598175,0.8369666934013367,0.7909833192825317,0.7473040819168091,0.7036449909210205,0.6597688794136047,0.617309033870697,0.57561856508255,0.5341804623603821,0.4915475845336914,0.4494016468524933,0.40657180547714233,0.36297497153282166,0.3184257447719574,0.27117806673049927,0.22058314085006714,0.1666233241558075,0.10521889477968216
27,0.9630284905433655,0.7813941836357117,0.026673555374145508,0.35644638538360596,0.42239880561828613,0.46430668234825134,0.4924326539039612,0.5098595023155212,0.519339919090271,0.5215052962303162,0.5171576142311096,0.5071748495101929,0.49207189679145813,0.47150561213493347,0.44659167528152466,0.4170927405357361,0.3833780586719513,0.34552615880966187,0.302041620016098,0.2525528073310852,0.19650492072105408,0.12904228270053864,0.637521505355835,0.5598767399787903,0.5014819502830505,0.4521515667438507,0.40964531898498535,0.3704034984111786,0.33370140194892883,0.30034759640693665,0.2693735659122467,0.2401728332042694,0.21166366338729858,0.18500539660453796,0.1590462177991867,0.13421835005283356,0.1106656864285469,0.08742797374725342,0.06497499346733093,0.04319540411233902,0.02300822176039219,0.08785130828619003,1e-08,0.9534211754798889,0.9110966324806213,0.8697418570518494,0.8286600708961487,0.788637638092041,0.7478640079498291,0.7061580419540405,0.6652023792266846,0.6243501901626587,0.5832626819610596,0.5403860211372375,0.4974414110183716,0.4532814621925354,0.4080183506011963,0.3613561987876892,0.3112368881702423,0.25716155767440796,0.19831252098083496,0.12943801283836365,0.9673694968223572,0.7157509922981262,0.023716796189546585,0.3068939745426178,0.367775022983551,0.4068581163883209,0.4332352578639984,0.44971516728401184,0.45882493257522583,0.4610024690628052,0.45697227120399475,0.44785818457603455,0.43401724100112915,0.4152156710624695,0.39250364899635315,0.3656166195869446,0.33472129702568054,0.29998764395713806,0.2602406442165375,0.2149457484483719,0.1642983853816986,0.10462713986635208,0.6864256858825684,0.6134403347969055,0.5574567914009094,0.509512186050415,0.4676457643508911,0.42834457755088806,0.391292929649353,0.3574056625366211,0.32519933581352234,0.2943451404571533,0.2639829218387604,0.23520901799201965,0.20537446439266205,0.17746968567371368,0.15076901018619537,0.12153896689414978,0.09344228357076645,0.06362509727478027,0.03598099574446678,0.07899010926485062,0.935187816619873,0.8845410943031311,0.836872935295105,0.7908594012260437,0.7471637725830078,0.7034929394721985,0.6596030592918396,0.6171285510063171,0.5754224061965942,0.5339732766151428,0.4913436770439148,0.44919246435165405,0.406364381313324,0.3627709448337555,0.31822624802589417,0.2709938883781433,0.22042369842529297,0.1664884388446808,0.10511967539787292
28,0.9630273580551147,0.7814000844955444,0.026673277840018272,0.35692858695983887,0.4230879247188568,0.46514034271240234,0.4933203458786011,0.510741651058197,0.520160973072052,0.5222249031066895,0.51778644323349,0.5076820254325867,0.4924663305282593,0.47180867195129395,0.4468432366847992,0.4173271358013153,0.3835793137550354,0.34566521644592285,0.30210673809051514,0.25254857540130615,0.1964915543794632,0.12902580201625824,0.6370162963867188,0.5591195225715637,0.5005097985267639,0.4510420858860016,0.40850186347961426,0.3692563474178314,0.33258119225502014,0.29907551407814026,0.2681335210800171,0.2390085905790329,0.21058912575244904,0.18395806849002838,0.1583114117383957,0.13355650007724762,0.11019308865070343,0.08719142526388168,0.06458590179681778,0.04345458745956421,0.02273368090391159,0.08785051107406616,1e-09,0.9534319043159485,0.9112345576286316,0.8699918389320374,0.8288764357566833,0.7888221740722656,0.7479985952377319,0.7062586545944214,0.6652938723564148,0.6243919730186462,0.5832805037498474,0.5403845906257629,0.4974724054336548,0.45335814356803894,0.40811359882354736,0.3614227771759033,0.3112602233886719,0.25713104009628296,0.19828318059444427,0.12941297888755798,0.9673697352409363,0.7157512903213501,0.023716704919934273,0.3068963587284088,0.36777663230895996,0.4068600833415985,0.4332365095615387,0.44971492886543274,0.4588254392147064,0.46100160479545593,0.45697206258773804,0.44785526394844055,0.43401333689689636,0.4152074158191681,0.3924984037876129,0.3656095862388611,0.3347121775150299,0.299979567527771,0.2602332532405853,0.21493394672870636,0.1642894595861435,0.10462043434381485,0.6864239573478699,0.613438606262207,0.5574538707733154,0.5095093846321106,0.4676421284675598,0.4283372461795807,0.39128562808036804,0.3573961555957794,0.3251930773258209,0.29433679580688477,0.26397833228111267,0.23519420623779297,0.20536665618419647,0.17744967341423035,0.15075567364692688,0.12153316289186478,0.09343407303094864,0.06363646686077118,0.03597000241279602,0.07898987829685211,0.9351866841316223,0.8845377564430237,0.8368703722953796,0.7908516526222229,0.7471550703048706,0.7034832239151001,0.6595942974090576,0.6171204447746277,0.5754135847091675,0.5339624285697937,0.4913293421268463,0.4491809606552124,0.406353622674942,0.3627575933933258,0.3182155191898346,0.2709850072860718,0.22041091322898865,0.16647924482822418,0.10511273890733719
29,0.9630277156829834,0.7814003229141235,0.026673274114727974,0.3553831875324249,0.42145368456840515,0.46343114972114563,0.49157193303108215,0.5089930891990662,0.5184521079063416,0.5206066370010376,0.5162307620048523,0.5062167048454285,0.49109935760498047,0.47054874897003174,0.4457091689109802,0.4163125455379486,0.3826889991760254,0.3448953330516815,0.30148401856422424,0.25206708908081055,0.19616086781024933,0.12885527312755585,0.6383833289146423,0.5605692863464355,0.50199294090271,0.45250624418258667,0.4098866581916809,0.3705730140209198,0.3338441848754883,0.3004920482635498,0.26922407746315,0.23996879160404205,0.2113465964794159,0.18455952405929565,0.15877194702625275,0.13389341533184052,0.11011910438537598,0.086793452501297,0.06408686935901642,0.04274896904826164,0.022539719939231873,0.08785045892000198,1e-09,0.9526483416557312,0.9101682305335999,0.8687560558319092,0.8276041746139526,0.7875325083732605,0.7467484474182129,0.7050501108169556,0.6640859246253967,0.6232047080993652,0.5821183919906616,0.5392770171165466,0.49643802642822266,0.45240142941474915,0.40724924206733704,0.36065182089805603,0.3106223940849304,0.2566356956958771,0.1979449987411499,0.12924322485923767,0.9673696160316467,0.7157508134841919,0.023716647177934647,0.3068978786468506,0.3677782714366913,0.40686216950416565,0.4332384169101715,0.4497162103652954,0.4588264524936676,0.46100348234176636,0.45696955919265747,0.44785505533218384,0.43401259183883667,0.4152095913887024,0.39249294996261597,0.36560294032096863,0.334707647562027,0.29997193813323975,0.26022475957870483,0.2149304300546646,0.1642845720052719,0.1046159490942955,0.6864218711853027,0.6134365200996399,0.5574508905410767,0.5095037817955017,0.4676384925842285,0.42833396792411804,0.3912803828716278,0.3573951721191406,0.3251860439777374,0.29432764649391174,0.26396819949150085,0.23519209027290344,0.20536327362060547,0.17744822800159454,0.150748148560524,0.12153108417987823,0.0934254601597786,0.063633993268013,0.03596814349293709,0.07898977398872375,0.9351872205734253,0.8845375180244446,0.8368691802024841,0.7908491492271423,0.7471505999565125,0.7034784555435181,0.6595913171768188,0.6171137690544128,0.5754092335700989,0.5339578986167908,0.4913284480571747,0.44917309284210205,0.40634360909461975,0.36275148391723633,0.31820616126060486,0.2709752321243286,0.22040671110153198,0.16647401452064514,0.10510830581188202
30,0.9630279541015625,0.7814004421234131,0.02667328529059887,0.3556305766105652,0.4215448498725891,0.4634719491004944,0.491582989692688,0.5089767575263977,0.5184048414230347,0.5205250978469849,0.5161305665969849,0.5061018466949463,0.49095121026039124,0.4703921973705292,0.4455157518386841,0.4160628616809845,0.38240137696266174,0.3445848226547241,0.3011351227760315,0.25169265270233154,0.19574934244155884,0.12849196791648865,0.6381391286849976,0.5605454444885254,0.5021133422851562,0.4527577757835388,0.4102753698825836,0.3711134195327759,0.33422014117240906,0.3009333610534668,0.2698379158973694,0.24053339660167694,0.21206887066364288,0.1852475106716156,0.1595042496919632,0.13490161299705505,0.11090477555990219,0.08781547099351883,0.06496227532625198,0.04297679662704468,0.02249830774962902,0.087850421667099,9.9999994e-11,0.9525477290153503,0.910075306892395,0.8686586618423462,0.8274766802787781,0.7873873710632324,0.7465572357177734,0.7048252820968628,0.6638541221618652,0.6229873895645142,0.5818784236907959,0.5390356183052063,0.49617305397987366,0.45210883021354675,0.40693366527557373,0.36032888293266296,0.31027308106422424,0.256266713142395,0.19754143059253693,0.12888456881046295,0.967370331287384,0.7157514095306396,0.023716652765870094,0.30689743161201477,0.36777859926223755,0.40686196088790894,0.43323686718940735,0.44971567392349243,0.458825021982193,0.46100276708602905,0.456969290971756,0.4478558897972107,0.4340127110481262,0.4152049720287323,0.39249131083488464,0.36560600996017456,0.33470985293388367,0.29997360706329346,0.26022303104400635,0.21492812037467957,0.16428375244140625,0.1046159416437149,0.6864224076271057,0.6134363412857056,0.5574508309364319,0.5095072388648987,0.46763813495635986,0.42833462357521057,0.3912808299064636,0.35739246010780334,0.32518497109413147,0.294329971075058,0.26397085189819336,0.23519614338874817,0.2053583711385727,0.17744587361812592,0.15074823796749115,0.1215376928448677,0.09343558549880981,0.06362125277519226,0.035967666655778885,0.07898978888988495,0.9351855516433716,0.8845382332801819,0.8368675112724304,0.7908453941345215,0.7471502423286438,0.7034770846366882,0.6595903635025024,0.6171125769615173,0.5754082202911377,0.5339566469192505,0.49132317304611206,0.4491719603538513,0.4063464105129242,0.3627535402774811,0.318208247423172,0.270973801612854,0.22040431201457977,0.16647309064865112,0.10510826855897903
31,0.963027834892273,0.7814008593559265,0.02667330577969551,0.3565390110015869,0.4225005805492401,0.4643939137458801,0.4924716353416443,0.5098316669464111,0.5191941857337952,0.5212382078170776,0.5167913436889648,0.5067309737205505,0.49159443378448486,0.4710116684436798,0.44610822200775146,0.41666096448898315,0.3830030858516693,0.3451817035675049,0.3017368018627167,0.25228777527809143,0.19630780816078186,0.12903331220149994,0.6369680762290955,0.5592707395553589,0.5008233785629272,0.45148906111717224,0.40903639793395996,0.369870662689209,0.3332468569278717,0.3000461161136627,0.2689576745033264,0.23988831043243408,0.21142463386058807,0.18485568463802338,0.15913540124893188,0.1345430463552475,0.11098716408014297,0.08776616305112839,0.06552580744028091,0.04413037374615669,0.023404231294989586,0.08785027265548706,9.9999994e-11,0.9528837203979492,0.9107109904289246,0.8694788813591003,0.8284434080123901,0.7883970141410828,0.7475531697273254,0.7057704329490662,0.6647678017616272,0.6238629817962646,0.5827521681785583,0.5398626923561096,0.49694138765335083,0.45285049080848694,0.40764951705932617,0.36101216077804565,0.31093376874923706,0.2568974792957306,0.19811351597309113,0.12942731380462646,0.9673702120780945,0.7157514691352844,0.023716658353805542,0.3068971037864685,0.3677788972854614,0.4068615138530731,0.4332365393638611,0.4497162699699402,0.4588269591331482,0.46100175380706787,0.4569695293903351,0.4478521943092346,0.43401530385017395,0.41520509123802185,0.3924892544746399,0.365604430437088,0.3347102403640747,0.29997584223747253,0.26022323966026306,0.2149287462234497,0.16428475081920624,0.10461694747209549,0.6864230632781982,0.6134364008903503,0.557451069355011,0.5095070004463196,0.4676373302936554,0.4283329248428345,0.39128217101097107,0.3573961853981018,0.3251897394657135,0.2943272292613983,0.2639699876308441,0.2351950705051422,0.2053615301847458,0.17744041979312897,0.1507481187582016,0.1215272918343544,0.09343232214450836,0.06362991034984589,0.03593361750245094,0.07898971438407898,0.9351850748062134,0.8845400810241699,0.8368672132492065,0.7908441424369812,0.7471492886543274,0.7034794688224792,0.659588634967804,0.6171125173568726,0.5754060745239258,0.533960223197937,0.49132439494132996,0.44916796684265137,0.40634530782699585,0.36275410652160645,0.318210244178772,0.27097368240356445,0.22040511667728424,0.16647425293922424,0.10510916262865067
32,0.9630301594734192,0.7814007997512817,0.02667331136763096,0.3566259443759918,0.42276066541671753,0.4647281765937805,0.4929026663303375,0.5103402733802795,0.5198162198066711,0.5219789147377014,0.5176327228546143,0.5076626539230347,0.492576539516449,0.4720538258552551,0.44716620445251465,0.4177055060863495,0.3840070068836212,0.3461366295814514,0.302590548992157,0.2530149519443512,0.19690296053886414,0.12933476269245148,0.6373509764671326,0.5595249533653259,0.5010533332824707,0.4516630172729492,0.40918853878974915,0.37001344561576843,0.3333391547203064,0.29986050724983215,0.2689535915851593,0.2396446168422699,0.21123982965946198,0.1846829354763031,0.15912270545959473,0.13464954495429993,0.11088781803846359,0.08783991634845734,0.06551868468523026,0.043742284178733826,0.023058157414197922,0.08785043656826019,9.999999e-12,0.9535310864448547,0.9113950729370117,0.8701605796813965,0.8291974067687988,0.7892541289329529,0.7485332489013672,0.7068630456924438,0.6659320592880249,0.6250923871994019,0.5840028524398804,0.5411350131034851,0.49817562103271484,0.4540051817893982,0.40872034430503845,0.3620032072067261,0.311800092458725,0.2576243579387665,0.1987055242061615,0.12972573935985565,0.9673700928688049,0.7157513499259949,0.02371666580438614,0.30689704418182373,0.3677789568901062,0.40686073899269104,0.4332370460033417,0.44971632957458496,0.4588252902030945,0.4610018730163574,0.4569709897041321,0.44785434007644653,0.4340158998966217,0.41520556807518005,0.39249035716056824,0.36560383439064026,0.33470776677131653,0.29997509717941284,0.26022571325302124,0.21492618322372437,0.1642829179763794,0.10461737960577011,0.686423122882843,0.6134365200996399,0.5574522614479065,0.5095061659812927,0.46763715147972107,0.42833518981933594,0.391282856464386,0.35739436745643616,0.3251884877681732,0.2943258583545685,0.26397237181663513,0.23519442975521088,0.205362468957901,0.17744383215904236,0.1507497876882553,0.12152702361345291,0.09343496710062027,0.06363104283809662,0.0359361357986927,0.07898972928524017,0.9351847171783447,0.8845409154891968,0.8368672132492065,0.7908445000648499,0.7471491098403931,0.7034782767295837,0.6595894694328308,0.6171141862869263,0.5754075050354004,0.533960223197937,0.49132493138313293,0.44916975498199463,0.4063445031642914,0.3627515435218811,0.31820979714393616,0.27097636461257935,0.22040250897407532,0.1664724200963974,0.10510959476232529
33,0.9630274772644043,0.781400740146637,0.026673289015889168,0.3561568260192871,0.4221712648868561,0.46414029598236084,0.4922969937324524,0.509765625,0.5192669034004211,0.5214238166809082,0.5170357823371887,0.5069862604141235,0.4917989671230316,0.4711610972881317,0.4462302327156067,0.4167349934577942,0.38300928473472595,0.3451451361179352,0.3016512393951416,0.25215083360671997,0.19618451595306396,0.1288376748561859,0.6377851963043213,0.5600341558456421,0.5015000700950623,0.45201724767684937,0.40934115648269653,0.3698332607746124,0.33306291699409485,0.29969844222068787,0.26864784955978394,0.2394367754459381,0.2109103947877884,0.18418589234352112,0.15847571194171906,0.13366541266441345,0.11025398224592209,0.08698253333568573,0.064541295170784,0.04289679601788521,0.022759733721613884,0.08785054087638855,9.999999e-12,0.9530754089355469,0.9106165766716003,0.8691799640655518,0.8280608654022217,0.7880589962005615,0.7473066449165344,0.7056220173835754,0.6646642088890076,0.6237813830375671,0.5826537609100342,0.5397574305534363,0.4968568980693817,0.452758252620697,0.4075362980365753,0.3608938753604889,0.3108004033565521,0.25673335790634155,0.19797755777835846,0.12922808527946472,0.9673700928688049,0.7157513499259949,0.02371666021645069,0.3068971037864685,0.36777907609939575,0.40686073899269104,0.4332374036312103,0.44971686601638794,0.4588252604007721,0.46100175380706787,0.4569702446460724,0.44785431027412415,0.43401557207107544,0.41520577669143677,0.39249077439308167,0.3656041920185089,0.33470749855041504,0.2999750077724457,0.260225772857666,0.21492649614810944,0.1642823964357376,0.10461761802434921,0.6864232420921326,0.613436222076416,0.5574523210525513,0.5095059275627136,0.46763721108436584,0.4283353388309479,0.3912830948829651,0.3573957681655884,0.32518813014030457,0.2943260073661804,0.2639724612236023,0.2351938933134079,0.20536260306835175,0.17744259536266327,0.15075011551380157,0.12152708321809769,0.0934348851442337,0.06363130360841751,0.035936374217271805,0.07898971438407898,0.9351847767829895,0.884540855884552,0.8368669748306274,0.7908446192741394,0.7471498250961304,0.7034783363342285,0.6595897674560547,0.6171138882637024,0.5754072666168213,0.533959686756134,0.4913250505924225,0.44916993379592896,0.4063452184200287,0.3627511262893677,0.3182096779346466,0.27097639441490173,0.2204027622938156,0.166471928358078,0.10510983318090439
34,0.9630298614501953,0.7814005017280579,0.026673270389437675,0.35566309094429016,0.42170727252960205,0.46373963356018066,0.4919600188732147,0.5094552636146545,0.5189895629882812,0.5211923122406006,0.516883373260498,0.50694739818573,0.4918632209300995,0.47133976221084595,0.4464794993400574,0.41703927516937256,0.3833487033843994,0.3454364836215973,0.3019047677516937,0.2523665130138397,0.19626986980438232,0.12883099913597107,0.6383195519447327,0.5606063604354858,0.5020861625671387,0.4526427984237671,0.4100751578807831,0.37077730894088745,0.3340302109718323,0.30049076676368713,0.2694685161113739,0.24025097489356995,0.21172824501991272,0.18501606583595276,0.15929678082466125,0.1345706731081009,0.11099870502948761,0.0877365842461586,0.06482336670160294,0.04350379854440689,0.022660324349999428,0.0878504142165184,9.999999e-13,0.953325092792511,0.9112014174461365,0.8699856400489807,0.82893967628479,0.7889279127120972,0.7481532096862793,0.7064054012298584,0.6654347777366638,0.6245520114898682,0.583403468132019,0.540480375289917,0.4975247383117676,0.45336002111434937,0.40807366371154785,0.361311137676239,0.3111231029033661,0.25697967410087585,0.19807447493076324,0.12922309339046478,0.9673700928688049,0.7157513499259949,0.023716658353805542,0.3068971037864685,0.36777907609939575,0.4068606197834015,0.4332374930381775,0.4497169256210327,0.4588254392147064,0.461001992225647,0.45697030425071716,0.44785431027412415,0.4340154528617859,0.41520577669143677,0.3924909234046936,0.3656041920185089,0.33470749855041504,0.29997503757476807,0.2602258026599884,0.214926615357399,0.16428253054618835,0.1046176478266716,0.6864232420921326,0.6134361624717712,0.557452380657196,0.5095060467720032,0.46763718128204346,0.4283353090286255,0.39128291606903076,0.3573957085609436,0.32518813014030457,0.29432591795921326,0.26397237181663513,0.2351938933134079,0.20536260306835175,0.17744259536266327,0.1507500261068344,0.12152711302042007,0.09343479573726654,0.06363119184970856,0.035936545580625534,0.07898971438407898,0.9351847767829895,0.884540855884552,0.8368669748306274,0.7908446192741394,0.7471497654914856,0.7034785747528076,0.6595900058746338,0.6171140074729919,0.575407087802887,0.5339595675468445,0.4913249611854553,0.4491700530052185,0.4063451886177063,0.3627511262893677,0.3182096779346466,0.2709764242172241,0.22040288150310516,0.16647204756736755,0.10510986298322678
